fold,accuracy,auc,best_val_auc
1,0.7843137254901961,0.8350634371395617,0.8500576701268743
2,0.7128712871287128,0.836078431372549,0.8462745098039215
3,0.6534653465346535,0.7172549019607843,0.7274509803921568
